timestamp,applied,status,hash,old_path,new_path,note
2026-06-30T15:19:48+08:00,yes,rename,EFF70D7095F5456F,F:\260629_客户补充物料\影视作品及高光片段\招摇\VID_20251227_003053.mp4,F:\260629_客户补充物料\影视作品及高光片段\招摇\VID_20251227_003053_EFF70D7095F5456F.mp4,
2026-06-30T15:19:48+08:00,yes,rename,18EE202E0A267274,F:\260629_客户补充物料\影视作品及高光片段\2025临江仙\VID_20251226_233603.mp4,F:\260629_客户补充物料\影视作品及高光片段\2025临江仙\VID_20251226_233603_18EE202E0A267274.mp4,
2026-06-30T15:19:48+08:00,yes,rename,9A17CDF1FAF970CB,F:\260629_客户补充物料\影视作品及高光片段\2025白月梵星\星月女神的画面.mov,F:\260629_客户补充物料\影视作品及高光片段\2025白月梵星\星月女神的画面_9A17CDF1FAF970CB.mov,
2026-06-30T15:19:48+08:00,yes,rename,84FFD7C2289B6120,F:\260629_客户补充物料\十周年采访物料\十周年采访物料_video_【白鹿】201113 腾讯视频W..._0.mp4,F:\260629_客户补充物料\十周年采访物料\十周年采访物料_video_【白鹿】201113 腾讯视频W..._0_84FFD7C2289B6120.mp4,
2026-06-30T15:19:48+08:00,yes,rename,045B96F3035B24AA,F:\260629_客户补充物料\影视作品及高光片段\2026拍摄待播剧《莫离》\《莫离》杀青预告.mp4,F:\260629_客户补充物料\影视作品及高光片段\2026拍摄待播剧《莫离》\《莫离》杀青预告_045B96F3035B24AA.mp4,
2026-06-30T15:19:48+08:00,yes,rename,C6346B8CA33E3999,F:\260629_客户补充物料\十周年采访物料\十周年采访物料_video_2017.09.08 晓娱采访_..._0.mp4,F:\260629_客户补充物料\十周年采访物料\十周年采访物料_video_2017.09.08 晓娱采访_..._0_C6346B8CA33E3999.mp4,
2026-06-30T15:19:48+08:00,yes,rename,10C3CABA17E59149,F:\260629_客户补充物料\影视作品及高光片段\玉楼春\VID_20251227_222834.mp4,F:\260629_客户补充物料\影视作品及高光片段\玉楼春\VID_20251227_222834_10C3CABA17E59149.mp4,
2026-06-30T15:19:48+08:00,yes,rename,DD64BE4B0B8D170C,F:\260629_客户补充物料\影视作品及高光片段\凤求凰\VID_20251226_223757.mp4,F:\260629_客户补充物料\影视作品及高光片段\凤求凰\VID_20251226_223757_DD64BE4B0B8D170C.mp4,
2026-06-30T15:19:48+08:00,yes,rename,180EDBBC4C61F2F4,F:\260629_客户补充物料\影视作品及高光片段\2025临江仙\【名场面】23阿月艰难生娃.mov,F:\260629_客户补充物料\影视作品及高光片段\2025临江仙\【名场面】23阿月艰难生娃_180EDBBC4C61F2F4.mov,
2026-06-30T15:19:48+08:00,yes,rename,B66BBD72C4E4C4FD,F:\260629_客户补充物料\十周年采访物料\十周年采访物料_video_【#白鹿说黎苏苏是正道之光#非常..._top_0_3.mp4,F:\260629_客户补充物料\十周年采访物料\十周年采访物料_video_【#白鹿说黎苏苏是正道之光#非常..._top_0_3_B66BBD72C4E4C4FD.mp4,
2026-06-30T15:19:48+08:00,yes,rename,2BAC95642D923981,F:\260629_客户补充物料\十周年采访物料\十周年采访物料_video_【白鹿】180322 搜狐New..._0.mp4,F:\260629_客户补充物料\十周年采访物料\十周年采访物料_video_【白鹿】180322 搜狐New..._0_2BAC95642D923981.mp4,
2026-06-30T15:19:48+08:00,yes,rename,3B6CAADADF1DE6CF,F:\260629_客户补充物料\获奖视频\白鹿获奖视频\爱奇艺2025年度观众瞩目演员\图\2024-12-11 150329.heic,F:\260629_客户补充物料\获奖视频\白鹿获奖视频\爱奇艺2025年度观众瞩目演员\图\2024-12-11 150329_3B6CAADADF1DE6CF.heic,
2026-06-30T15:19:48+08:00,yes,rename,CDB7020CBF68184B,F:\260629_客户补充物料\影视作品及高光片段\2025白月梵星\VID_20251226_220254.mp4,F:\260629_客户补充物料\影视作品及高光片段\2025白月梵星\VID_20251226_220254_CDB7020CBF68184B.mp4,
2026-06-30T15:19:48+08:00,yes,rename,260035981FBA0B7F,F:\260629_客户补充物料\获奖视频\白鹿获奖视频\1.13 2023年度微博之夜 年度瞩目演员\现场图及鹿微博奖杯图\2024-11-07 144348.heic,F:\260629_客户补充物料\获奖视频\白鹿获奖视频\1.13 2023年度微博之夜 年度瞩目演员\现场图及鹿微博奖杯图\2024-11-07 144348_260035981FBA0B7F.heic,
2026-06-30T15:19:48+08:00,yes,rename,9764FE6699A66066,F:\260629_客户补充物料\获奖视频\白鹿获奖视频\9.21 《警察荣誉》第34届飞天奖优秀电视剧奖\2024-11-07 172344.heic,F:\260629_客户补充物料\获奖视频\白鹿获奖视频\9.21 《警察荣誉》第34届飞天奖优秀电视剧奖\2024-11-07 172344_9764FE6699A66066.heic,
2026-06-30T15:19:48+08:00,yes,rename,79C3268F4916A294,F:\260629_客户补充物料\十周年采访物料\十周年采访物料_video_【白鹿】190828 《烈火军校..._0.mp4,F:\260629_客户补充物料\十周年采访物料\十周年采访物料_video_【白鹿】190828 《烈火军校..._0_79C3268F4916A294.mp4,
2026-06-30T15:19:48+08:00,yes,rename,5F2738A65963E344,F:\260629_客户补充物料\获奖视频\白鹿获奖视频\11.5 《北上》微博视界大会年度期待作品\2024-12-13 004850.heic,F:\260629_客户补充物料\获奖视频\白鹿获奖视频\11.5 《北上》微博视界大会年度期待作品\2024-12-13 004850_5F2738A65963E344.heic,
2026-06-30T15:19:48+08:00,yes,rename,11432D579D49B547,F:\260629_客户补充物料\获奖视频\白鹿获奖视频\1.13 2023年度微博之夜 年度瞩目演员\第一套 黑裙\2024-11-07 144025.heic,F:\260629_客户补充物料\获奖视频\白鹿获奖视频\1.13 2023年度微博之夜 年度瞩目演员\第一套 黑裙\2024-11-07 144025_11432D579D49B547.heic,
2026-06-30T15:19:48+08:00,yes,rename,0BF8DF8468E672F4,F:\260629_客户补充物料\十周年采访物料\十周年采访物料_video_22.09.22 DY视频一则_..._0.mp4,F:\260629_客户补充物料\十周年采访物料\十周年采访物料_video_22.09.22 DY视频一则_..._0_0BF8DF8468E672F4.mp4,
2026-06-30T15:19:48+08:00,yes,rename,6D81915DBC92A769,F:\260629_客户补充物料\十周年采访物料\十周年采访物料_gzc_1000102_0b53mqaa6aaamqagi33sg5tmazgdb5uqac2a.f2.mp4,F:\260629_客户补充物料\十周年采访物料\十周年采访物料_gzc_1000102_0b53mqaa6aaamqagi33sg5tmazgdb5uqac2a.f2_6D81915DBC92A769.mp4,
2026-06-30T15:19:48+08:00,yes,rename,9C82D7280FF3F118,F:\260629_客户补充物料\获奖视频\白鹿获奖视频\爱奇艺2025年度观众瞩目演员\图\2024-12-07 021757(2).jpg,F:\260629_客户补充物料\获奖视频\白鹿获奖视频\爱奇艺2025年度观众瞩目演员\图\2024-12-07 021757(2)_9C82D7280FF3F118.jpg,
2026-06-30T15:19:48+08:00,yes,rename,2DCC025EF3DD017C,F:\260629_客户补充物料\获奖视频\白鹿获奖视频\1.13 2023年度微博之夜 年度瞩目演员\现场图及鹿微博奖杯图\2024-11-07 144354.heic,F:\260629_客户补充物料\获奖视频\白鹿获奖视频\1.13 2023年度微博之夜 年度瞩目演员\现场图及鹿微博奖杯图\2024-11-07 144354_2DCC025EF3DD017C.heic,
2026-06-30T15:19:48+08:00,yes,rename,B067DBD8E31B973E,F:\260629_客户补充物料\获奖视频\白鹿获奖视频\爱奇艺2025年度观众瞩目演员\图\2024-12-07 021059(1).jpg,F:\260629_客户补充物料\获奖视频\白鹿获奖视频\爱奇艺2025年度观众瞩目演员\图\2024-12-07 021059(1)_B067DBD8E31B973E.jpg,
2026-06-30T15:19:48+08:00,yes,rename,4E14428E584B369E,F:\260629_客户补充物料\影视作品及高光片段\烈火军校\VID_20251226_230344.mp4,F:\260629_客户补充物料\影视作品及高光片段\烈火军校\VID_20251226_230344_4E14428E584B369E.mp4,
2026-06-30T15:19:48+08:00,yes,rename,650F96F214CEEEE5,F:\260629_客户补充物料\获奖视频\白鹿获奖视频\1.13 2023年度微博之夜 年度瞩目演员\第一套 黑裙\2024-11-07 144019.heic,F:\260629_客户补充物料\获奖视频\白鹿获奖视频\1.13 2023年度微博之夜 年度瞩目演员\第一套 黑裙\2024-11-07 144019_650F96F214CEEEE5.heic,
2026-06-30T15:19:48+08:00,yes,rename,BE7D06CB5212F9CB,F:\260629_客户补充物料\获奖视频\白鹿获奖视频\爱奇艺2025年度观众瞩目演员\图\2024-12-07 021757(1).jpg,F:\260629_客户补充物料\获奖视频\白鹿获奖视频\爱奇艺2025年度观众瞩目演员\图\2024-12-07 021757(1)_BE7D06CB5212F9CB.jpg,
2026-06-30T15:19:48+08:00,yes,rename,33C2322774A41EF3,F:\260629_客户补充物料\十周年采访物料\十周年采访物料_video_【#白鹿和角色一起成长#】#白鹿..._0.mp4,F:\260629_客户补充物料\十周年采访物料\十周年采访物料_video_【#白鹿和角色一起成长#】#白鹿..._0_33C2322774A41EF3.mp4,
2026-06-30T15:19:48+08:00,yes,rename,01A451CED8AB2B8A,F:\260629_客户补充物料\获奖视频\白鹿获奖视频\爱奇艺2025年度观众瞩目演员\图\2024-12-11 150317.jpg,F:\260629_客户补充物料\获奖视频\白鹿获奖视频\爱奇艺2025年度观众瞩目演员\图\2024-12-11 150317_01A451CED8AB2B8A.jpg,
2026-06-30T15:19:48+08:00,yes,rename,97C921922753104E,F:\260629_客户补充物料\影视作品及高光片段\九流霸主\VID_20251227_221328.mp4,F:\260629_客户补充物料\影视作品及高光片段\九流霸主\VID_20251227_221328_97C921922753104E.mp4,
2026-06-30T15:19:48+08:00,yes,rename,300FC128E0C475E1,F:\260629_客户补充物料\获奖视频\2025奖项\7.微博之夜奖项及发言.mov,F:\260629_客户补充物料\获奖视频\2025奖项\7.微博之夜奖项及发言_300FC128E0C475E1.mov,
2026-06-30T15:19:48+08:00,yes,rename,D6EF2CBA578B63D9,F:\260629_客户补充物料\影视作品及高光片段\警察荣耀\VID_20251226_225020.mp4,F:\260629_客户补充物料\影视作品及高光片段\警察荣耀\VID_20251226_225020_D6EF2CBA578B63D9.mp4,
2026-06-30T15:19:48+08:00,yes,rename,E53D627BBC6C16F3,F:\260629_客户补充物料\十周年采访物料\十周年采访物料_video_【白鹿】250312 《北上》爱..._0.mp4,F:\260629_客户补充物料\十周年采访物料\十周年采访物料_video_【白鹿】250312 《北上》爱..._0_E53D627BBC6C16F3.mp4,
2026-06-30T15:19:48+08:00,yes,rename,F80A2C7806AFA270,F:\260629_客户补充物料\获奖视频\白鹿获奖视频\微信视频2025-12-30_102311_067.mp4,F:\260629_客户补充物料\获奖视频\白鹿获奖视频\微信视频2025-12-30_102311_067_F80A2C7806AFA270.mp4,
2026-06-30T15:19:48+08:00,yes,rename,D09AB2E4E26C667C,F:\260629_客户补充物料\获奖视频\白鹿获奖视频\1.13 2023年度微博之夜 年度瞩目演员\第二套白裙\2024-11-07 144238.heic,F:\260629_客户补充物料\获奖视频\白鹿获奖视频\1.13 2023年度微博之夜 年度瞩目演员\第二套白裙\2024-11-07 144238_D09AB2E4E26C667C.heic,
2026-06-30T15:19:48+08:00,yes,rename,1269840D6690E784,F:\260629_客户补充物料\影视作品及高光片段\宁安如梦\VID_20251226_233933.mp4,F:\260629_客户补充物料\影视作品及高光片段\宁安如梦\VID_20251226_233933_1269840D6690E784.mp4,
2026-06-30T15:19:48+08:00,yes,rename,FFEE5837350CF780,F:\260629_客户补充物料\影视作品及高光片段\世界都欠我一个初恋\VID_20251227_231040.mp4,F:\260629_客户补充物料\影视作品及高光片段\世界都欠我一个初恋\VID_20251227_231040_FFEE5837350CF780.mp4,
2026-06-30T15:19:48+08:00,yes,rename,0AA74A48B3B86D88,F:\260629_客户补充物料\获奖视频\白鹿获奖视频\[许凯×白鹿 爱奇艺尖叫夜2020]凯鹿暗搓搓的糖点合集～～～.mp4,F:\260629_客户补充物料\获奖视频\白鹿获奖视频\[许凯×白鹿 爱奇艺尖叫夜2020]凯鹿暗搓搓的糖点合集～～～_0AA74A48B3B86D88.mp4,
2026-06-30T15:19:48+08:00,yes,rename,ED49869BB7BDEE68,F:\260629_客户补充物料\十周年采访物料\十周年采访物料_video_【完整版！#白鹿讲述用角色传递热..._top_0_2.mp4,F:\260629_客户补充物料\十周年采访物料\十周年采访物料_video_【完整版！#白鹿讲述用角色传递热..._top_0_2_ED49869BB7BDEE68.mp4,
2026-06-30T15:19:48+08:00,yes,rename,628AF77AF8F971E9,F:\260629_客户补充物料\获奖视频\2025奖项\2.爱奇艺尖叫之夜颁奖感言.mov,F:\260629_客户补充物料\获奖视频\2025奖项\2.爱奇艺尖叫之夜颁奖感言_628AF77AF8F971E9.mov,
2026-06-30T15:19:48+08:00,yes,rename,57F6644AE9797F39,F:\260629_客户补充物料\影视作品及高光片段\以爱为营\VID_20251230_121727.mp4,F:\260629_客户补充物料\影视作品及高光片段\以爱为营\VID_20251230_121727_57F6644AE9797F39.mp4,
2026-06-30T15:19:48+08:00,yes,rename,F9DBF08DA410F041,F:\260629_客户补充物料\影视作品及高光片段\玉楼春\VID_20251227_223822.mp4,F:\260629_客户补充物料\影视作品及高光片段\玉楼春\VID_20251227_223822_F9DBF08DA410F041.mp4,
2026-06-30T15:19:48+08:00,yes,rename,540BE30D049C4099,F:\260629_客户补充物料\影视作品及高光片段\半是蜜糖半是伤\VID_20251226_223247.mp4,F:\260629_客户补充物料\影视作品及高光片段\半是蜜糖半是伤\VID_20251226_223247_540BE30D049C4099.mp4,
2026-06-30T15:19:48+08:00,yes,rename,2EDC1C52FF01F1D8,F:\260629_客户补充物料\获奖视频\白鹿获奖视频\爱奇艺2025年度观众瞩目演员\图\2024-12-11 150250.heic,F:\260629_客户补充物料\获奖视频\白鹿获奖视频\爱奇艺2025年度观众瞩目演员\图\2024-12-11 150250_2EDC1C52FF01F1D8.heic,
2026-06-30T15:19:48+08:00,yes,rename,40EB9551F32A6ADD,F:\260629_客户补充物料\获奖视频\白鹿获奖视频\11.5 《北上》微博视界大会年度期待作品\微博视界大会发言.mov,F:\260629_客户补充物料\获奖视频\白鹿获奖视频\11.5 《北上》微博视界大会年度期待作品\微博视界大会发言_40EB9551F32A6ADD.mov,
2026-06-30T15:19:48+08:00,yes,rename,6477CB6C921FF7A9,F:\260629_客户补充物料\获奖视频\白鹿获奖视频\微信视频2025-12-30_102332_773.mp4,F:\260629_客户补充物料\获奖视频\白鹿获奖视频\微信视频2025-12-30_102332_773_6477CB6C921FF7A9.mp4,
2026-06-30T15:19:48+08:00,yes,rename,363A3CAA71494A7A,F:\260629_客户补充物料\影视作品及高光片段\2025临江仙\23阿月抱着十安尸体被村民打 长琴为保护她死了 伤心欲绝.mov,F:\260629_客户补充物料\影视作品及高光片段\2025临江仙\23阿月抱着十安尸体被村民打 长琴为保护她死了 伤心欲绝_363A3CAA71494A7A.mov,
2026-06-30T15:19:48+08:00,yes,rename,31D2A47620237A16,F:\260629_客户补充物料\获奖视频\白鹿获奖视频\1.13 2023年度微博之夜 年度瞩目演员\现场图及鹿微博奖杯图\2024-11-07 144329.heic,F:\260629_客户补充物料\获奖视频\白鹿获奖视频\1.13 2023年度微博之夜 年度瞩目演员\现场图及鹿微博奖杯图\2024-11-07 144329_31D2A47620237A16.heic,
2026-06-30T15:19:48+08:00,yes,rename,FC82690B155B4595,F:\260629_客户补充物料\获奖视频\2025奖项\5.国际流媒体人气奖.jpg,F:\260629_客户补充物料\获奖视频\2025奖项\5.国际流媒体人气奖_FC82690B155B4595.jpg,
2026-06-30T15:19:48+08:00,yes,rename,5E2E72D06847A481,F:\260629_客户补充物料\影视作品及高光片段\2025白月梵星\红衣开大.mov,F:\260629_客户补充物料\影视作品及高光片段\2025白月梵星\红衣开大_5E2E72D06847A481.mov,
2026-06-30T15:19:48+08:00,yes,rename,C92C8E0689313C25,F:\260629_客户补充物料\十周年采访物料\十周年采访物料_video_【白鹿】190316 《招摇》小..._0.mp4,F:\260629_客户补充物料\十周年采访物料\十周年采访物料_video_【白鹿】190316 《招摇》小..._0_C92C8E0689313C25.mp4,
2026-06-30T15:19:48+08:00,yes,rename,CF78D81817126289,F:\260629_客户补充物料\获奖视频\白鹿获奖视频\爱奇艺2025年度观众瞩目演员\图\2024-12-07 021058.jpg,F:\260629_客户补充物料\获奖视频\白鹿获奖视频\爱奇艺2025年度观众瞩目演员\图\2024-12-07 021058_CF78D81817126289.jpg,
2026-06-30T15:19:48+08:00,yes,rename,E3F3C38DB1B2CB94,F:\260629_客户补充物料\影视作品及高光片段\2025北上\华子直球问望和是否喜欢自己.mov,F:\260629_客户补充物料\影视作品及高光片段\2025北上\华子直球问望和是否喜欢自己_E3F3C38DB1B2CB94.mov,
2026-06-30T15:19:48+08:00,yes,rename,041968A3301EFE87,F:\260629_客户补充物料\获奖视频\白鹿获奖视频\1.13 2023年度微博之夜 年度瞩目演员\第二套白裙\2024-11-07 144227.heic,F:\260629_客户补充物料\获奖视频\白鹿获奖视频\1.13 2023年度微博之夜 年度瞩目演员\第二套白裙\2024-11-07 144227_041968A3301EFE87.heic,
2026-06-30T15:19:48+08:00,yes,rename,632B071D2D4CD2A7,F:\260629_客户补充物料\十周年采访物料\十周年采访物料_video_存采访_ 《遇见主角》 遇见白鹿..._0.mp4,F:\260629_客户补充物料\十周年采访物料\十周年采访物料_video_存采访_ 《遇见主角》 遇见白鹿..._0_632B071D2D4CD2A7.mp4,
2026-06-30T15:19:48+08:00,yes,rename,D7D09E8BBBF9AD17,F:\260629_客户补充物料\获奖视频\白鹿获奖视频\爱奇艺2025年度观众瞩目演员\图\2024-12-08 010614.jpg,F:\260629_客户补充物料\获奖视频\白鹿获奖视频\爱奇艺2025年度观众瞩目演员\图\2024-12-08 010614_D7D09E8BBBF9AD17.jpg,
2026-06-30T15:19:48+08:00,yes,rename,D5DF872F6FEA8C62,F:\260629_客户补充物料\十周年采访物料\十周年采访物料_video_【白鹿】210922 《搜狗娱乐..._0.mp4,F:\260629_客户补充物料\十周年采访物料\十周年采访物料_video_【白鹿】210922 《搜狗娱乐..._0_D5DF872F6FEA8C62.mp4,
2026-06-30T15:19:48+08:00,yes,rename,17E18B6A673FC1E7,F:\260629_客户补充物料\影视作品及高光片段\招摇\VID_20251227_003346.mp4,F:\260629_客户补充物料\影视作品及高光片段\招摇\VID_20251227_003346_17E18B6A673FC1E7.mp4,
2026-06-30T15:19:48+08:00,yes,rename,2C4BF56B99DFBEC8,F:\260629_客户补充物料\获奖视频\2025奖项\4. 亚洲影艺创意大奖获奖证书.png,F:\260629_客户补充物料\获奖视频\2025奖项\4. 亚洲影艺创意大奖获奖证书_2C4BF56B99DFBEC8.png,
2026-06-30T15:19:48+08:00,yes,rename,86DD207AE8D6585B,F:\260629_客户补充物料\影视作品及高光片段\2025白月梵星\阿妩小狐狸&摔打不死心愿得成.mov,F:\260629_客户补充物料\影视作品及高光片段\2025白月梵星\阿妩小狐狸&摔打不死心愿得成_86DD207AE8D6585B.mov,
2026-06-30T15:19:48+08:00,yes,rename,B759F5174BBA168B,F:\260629_客户补充物料\获奖视频\白鹿获奖视频\1.13 2023年度微博之夜 年度瞩目演员\微博之夜发言录屏.mov,F:\260629_客户补充物料\获奖视频\白鹿获奖视频\1.13 2023年度微博之夜 年度瞩目演员\微博之夜发言录屏_B759F5174BBA168B.mov,
2026-06-30T15:19:48+08:00,yes,rename,1B0F2F047865ECD1,F:\260629_客户补充物料\获奖视频\白鹿获奖视频\1.13 2023年度微博之夜 年度瞩目演员\现场图及鹿微博奖杯图\2024-11-07 144324.heic,F:\260629_客户补充物料\获奖视频\白鹿获奖视频\1.13 2023年度微博之夜 年度瞩目演员\现场图及鹿微博奖杯图\2024-11-07 144324_1B0F2F047865ECD1.heic,
2026-06-30T15:19:48+08:00,yes,rename,57DA2E22DDEA8A99,F:\260629_客户补充物料\获奖视频\白鹿获奖视频\爱奇艺2025年度观众瞩目演员\图\2024-12-08 010619.jpg,F:\260629_客户补充物料\获奖视频\白鹿获奖视频\爱奇艺2025年度观众瞩目演员\图\2024-12-08 010619_57DA2E22DDEA8A99.jpg,
2026-06-30T15:19:48+08:00,yes,rename,4877C00602A86781,F:\260629_客户补充物料\获奖视频\白鹿获奖视频\1.13 2023年度微博之夜 年度瞩目演员\第一套 黑裙\2024-11-07 144042.jpg,F:\260629_客户补充物料\获奖视频\白鹿获奖视频\1.13 2023年度微博之夜 年度瞩目演员\第一套 黑裙\2024-11-07 144042_4877C00602A86781.jpg,
2026-06-30T15:19:48+08:00,yes,rename,C6C55FC6BFA4CB64,F:\260629_客户补充物料\十周年采访物料\十周年采访物料_video_22.10.25 DY视频一则_..._0.mp4,F:\260629_客户补充物料\十周年采访物料\十周年采访物料_video_22.10.25 DY视频一则_..._0_C6C55FC6BFA4CB64.mp4,
2026-06-30T15:19:48+08:00,yes,rename,437A28149A4E7280,F:\260629_客户补充物料\获奖视频\白鹿获奖视频\【尖叫之夜尖叫明星白鹿】轻舟已过万重山，不止24年，以后的每一年越来越好.mp4,F:\260629_客户补充物料\获奖视频\白鹿获奖视频\【尖叫之夜尖叫明星白鹿】轻舟已过万重山，不止24年，以后的每一年越来越好_437A28149A4E7280.mp4,
2026-06-30T15:19:48+08:00,yes,rename,637208A1A5D138AF,F:\260629_客户补充物料\获奖视频\白鹿获奖视频\1642081007945.mp4.mp4,F:\260629_客户补充物料\获奖视频\白鹿获奖视频\1642081007945.mp4_637208A1A5D138AF.mp4,
2026-06-30T15:19:48+08:00,yes,rename,3298C341F7C96DFE,F:\260629_客户补充物料\获奖视频\白鹿获奖视频\爱奇艺2025年度观众瞩目演员\图\2024-12-07 021057(1).jpg,F:\260629_客户补充物料\获奖视频\白鹿获奖视频\爱奇艺2025年度观众瞩目演员\图\2024-12-07 021057(1)_3298C341F7C96DFE.jpg,
2026-06-30T15:19:48+08:00,yes,rename,5586751EC29503AB,F:\260629_客户补充物料\影视作品及高光片段\凤求凰\VID_20251226_223618.mp4,F:\260629_客户补充物料\影视作品及高光片段\凤求凰\VID_20251226_223618_5586751EC29503AB.mp4,
2026-06-30T15:19:48+08:00,yes,rename,A2F7B3B7D153155B,F:\260629_客户补充物料\影视作品及高光片段\2025白月梵星\0129-白烁成长向收官.mp4,F:\260629_客户补充物料\影视作品及高光片段\2025白月梵星\0129-白烁成长向收官_A2F7B3B7D153155B.mp4,
2026-06-30T15:19:48+08:00,yes,rename,A5F3ED21C766C6E3,F:\260629_客户补充物料\获奖视频\2025奖项\5.国际流媒体人气奖2.jpg,F:\260629_客户补充物料\获奖视频\2025奖项\5.国际流媒体人气奖2_A5F3ED21C766C6E3.jpg,
2026-06-30T15:19:48+08:00,yes,rename,7AB207CCDA21C412,F:\260629_客户补充物料\获奖视频\白鹿获奖视频\【白鹿】2024微博之夜「微博年度热度演员」｜250111 白鹿 罗云熙 刘宇宁 王鹤棣.mp4,F:\260629_客户补充物料\获奖视频\白鹿获奖视频\【白鹿】2024微博之夜「微博年度热度演员」｜250111 白鹿 罗云熙 刘宇宁 王鹤棣_7AB207CCDA21C412.mp4,
2026-06-30T15:19:48+08:00,yes,rename,7AC5D7AC08873EE4,F:\260629_客户补充物料\获奖视频\白鹿获奖视频\11.5 《北上》微博视界大会年度期待作品\微博视界大会演讲.mov,F:\260629_客户补充物料\获奖视频\白鹿获奖视频\11.5 《北上》微博视界大会年度期待作品\微博视界大会演讲_7AC5D7AC08873EE4.mov,
2026-06-30T15:19:48+08:00,yes,rename,28642FDF627CCE6C,F:\260629_客户补充物料\获奖视频\白鹿获奖视频\1.13 2023年度微博之夜 年度瞩目演员\现场图及鹿微博奖杯图\2024-11-07 144326.heic,F:\260629_客户补充物料\获奖视频\白鹿获奖视频\1.13 2023年度微博之夜 年度瞩目演员\现场图及鹿微博奖杯图\2024-11-07 144326_28642FDF627CCE6C.heic,
2026-06-30T15:19:48+08:00,yes,rename,B2E913C3F6492300,F:\260629_客户补充物料\获奖视频\白鹿获奖视频\微信视频2025-12-30_102352_044.mp4,F:\260629_客户补充物料\获奖视频\白鹿获奖视频\微信视频2025-12-30_102352_044_B2E913C3F6492300.mp4,
2026-06-30T15:19:48+08:00,yes,rename,220F50AB4A14A26F,F:\260629_客户补充物料\获奖视频\白鹿获奖视频\爱奇艺2025年度观众瞩目演员\图\2024-12-07 021803(1).jpg,F:\260629_客户补充物料\获奖视频\白鹿获奖视频\爱奇艺2025年度观众瞩目演员\图\2024-12-07 021803(1)_220F50AB4A14A26F.jpg,
2026-06-30T15:19:48+08:00,yes,rename,73D15DC921A268ED,F:\260629_客户补充物料\十周年采访物料\十周年采访物料_video_自我介绍___【白鹿】19081..._0.mp4,F:\260629_客户补充物料\十周年采访物料\十周年采访物料_video_自我介绍___【白鹿】19081..._0_73D15DC921A268ED.mp4,
2026-06-30T15:19:48+08:00,yes,rename,63FC2638008CDAC4,F:\260629_客户补充物料\获奖视频\白鹿获奖视频\1.13 2023年度微博之夜 年度瞩目演员\第一套 黑裙\2024-11-07 144030.heic,F:\260629_客户补充物料\获奖视频\白鹿获奖视频\1.13 2023年度微博之夜 年度瞩目演员\第一套 黑裙\2024-11-07 144030_63FC2638008CDAC4.heic,
2026-06-30T15:19:48+08:00,yes,rename,2C603AFD69B0AA5C,F:\260629_客户补充物料\十周年采访物料\十周年采访物料_video_【白鹿】200208《演技派》一..._0.mp4,F:\260629_客户补充物料\十周年采访物料\十周年采访物料_video_【白鹿】200208《演技派》一..._0_2C603AFD69B0AA5C.mp4,
2026-06-30T15:19:48+08:00,yes,rename,FFB138E9B043167F,F:\260629_客户补充物料\获奖视频\白鹿获奖视频\11.5 《北上》微博视界大会年度期待作品\2024-11-07 095200.jpg,F:\260629_客户补充物料\获奖视频\白鹿获奖视频\11.5 《北上》微博视界大会年度期待作品\2024-11-07 095200_FFB138E9B043167F.jpg,
2026-06-30T15:19:48+08:00,yes,rename,9A32A7CB3B4F0E2D,F:\260629_客户补充物料\十周年采访物料\十周年采访物料_video_#白鹿说以后不太想接偶像剧##六..._0.mp4,F:\260629_客户补充物料\十周年采访物料\十周年采访物料_video_#白鹿说以后不太想接偶像剧##六..._0_9A32A7CB3B4F0E2D.mp4,
2026-06-30T15:19:48+08:00,yes,rename,8513DD872020B6B0,F:\260629_客户补充物料\十周年采访物料\十周年采访物料_video_【#白鹿说北上杀青前一晚她崩溃了..._0.mp4,F:\260629_客户补充物料\十周年采访物料\十周年采访物料_video_【#白鹿说北上杀青前一晚她崩溃了..._0_8513DD872020B6B0.mp4,
2026-06-30T15:19:48+08:00,yes,rename,D385013FDE8A9F34,F:\260629_客户补充物料\影视作品及高光片段\宁安如梦\VID_20251226_234812.mp4,F:\260629_客户补充物料\影视作品及高光片段\宁安如梦\VID_20251226_234812_D385013FDE8A9F34.mp4,
2026-06-30T15:19:48+08:00,yes,rename,BCE7CCACF077A39F,F:\260629_客户补充物料\获奖视频\2025奖项\获奖.png,F:\260629_客户补充物料\获奖视频\2025奖项\获奖_BCE7CCACF077A39F.png,
2026-06-30T15:19:48+08:00,yes,rename,E03D5DD73FED55AD,F:\260629_客户补充物料\获奖视频\白鹿获奖视频\爱奇艺2025年度观众瞩目演员\图\2024-12-07 021058(2).jpg,F:\260629_客户补充物料\获奖视频\白鹿获奖视频\爱奇艺2025年度观众瞩目演员\图\2024-12-07 021058(2)_E03D5DD73FED55AD.jpg,
2026-06-30T15:19:48+08:00,yes,rename,CBE6481767ED3712,F:\260629_客户补充物料\影视作品及高光片段\周生如故\VID_20251227_000148.mp4,F:\260629_客户补充物料\影视作品及高光片段\周生如故\VID_20251227_000148_CBE6481767ED3712.mp4,
2026-06-30T15:19:48+08:00,yes,rename,1BD4985B3F933C0C,F:\260629_客户补充物料\影视作品及高光片段\周生如故\VID_20251226_235946.mp4,F:\260629_客户补充物料\影视作品及高光片段\周生如故\VID_20251226_235946_1BD4985B3F933C0C.mp4,
2026-06-30T15:19:48+08:00,yes,rename,FE3297E0C8CE53EC,F:\260629_客户补充物料\获奖视频\白鹿获奖视频\爱奇艺2025年度观众瞩目演员\图\2024-12-07 021758(1).jpg,F:\260629_客户补充物料\获奖视频\白鹿获奖视频\爱奇艺2025年度观众瞩目演员\图\2024-12-07 021758(1)_FE3297E0C8CE53EC.jpg,
2026-06-30T15:19:48+08:00,yes,rename,ECE55F4B926E6FF7,F:\260629_客户补充物料\影视作品及高光片段\宁安如梦\VID_20251226_235600.mp4,F:\260629_客户补充物料\影视作品及高光片段\宁安如梦\VID_20251226_235600_ECE55F4B926E6FF7.mp4,
2026-06-30T15:19:48+08:00,yes,rename,B61F7583C54C5234,F:\260629_客户补充物料\获奖视频\白鹿获奖视频\1.13 2023年度微博之夜 年度瞩目演员\第二套白裙\2024-11-07 144232.heic,F:\260629_客户补充物料\获奖视频\白鹿获奖视频\1.13 2023年度微博之夜 年度瞩目演员\第二套白裙\2024-11-07 144232_B61F7583C54C5234.heic,
2026-06-30T15:19:48+08:00,yes,rename,7347F02362290E14,F:\260629_客户补充物料\影视作品及高光片段\半是蜜糖半是伤\VID_20251226_221233.mp4,F:\260629_客户补充物料\影视作品及高光片段\半是蜜糖半是伤\VID_20251226_221233_7347F02362290E14.mp4,
2026-06-30T15:19:48+08:00,yes,rename,6ECFF3E5003B4E64,F:\260629_客户补充物料\影视作品及高光片段\烈火军校\VID_20251226_225738.mp4,F:\260629_客户补充物料\影视作品及高光片段\烈火军校\VID_20251226_225738_6ECFF3E5003B4E64.mp4,
2026-06-30T15:19:48+08:00,yes,rename,489134E21298B7F4,F:\260629_客户补充物料\获奖视频\白鹿获奖视频\1.13 2023年度微博之夜 年度瞩目演员\第一套 黑裙\2024-11-07 144028.heic,F:\260629_客户补充物料\获奖视频\白鹿获奖视频\1.13 2023年度微博之夜 年度瞩目演员\第一套 黑裙\2024-11-07 144028_489134E21298B7F4.heic,
2026-06-30T15:19:48+08:00,yes,rename,38CFB8011707A5E2,F:\260629_客户补充物料\影视作品及高光片段\2025北上\华子北京创建快递站.mov,F:\260629_客户补充物料\影视作品及高光片段\2025北上\华子北京创建快递站_38CFB8011707A5E2.mov,
2026-06-30T15:19:48+08:00,yes,rename,0109691B09700DF3,F:\260629_客户补充物料\获奖视频\白鹿获奖视频\2025微博视界大会年度榜样演员   白鹿白鹿！没有白走的路！.mp4,F:\260629_客户补充物料\获奖视频\白鹿获奖视频\2025微博视界大会年度榜样演员   白鹿白鹿！没有白走的路！_0109691B09700DF3.mp4,
2026-06-30T15:19:48+08:00,yes,rename,7C305C61C0EABDA2,F:\260629_客户补充物料\影视作品及高光片段\2025北上\华子泡脚想到花街小伙伴痛哭.mov,F:\260629_客户补充物料\影视作品及高光片段\2025北上\华子泡脚想到花街小伙伴痛哭_7C305C61C0EABDA2.mov,
2026-06-30T15:19:48+08:00,yes,rename,125AAFF877027625,F:\260629_客户补充物料\影视作品及高光片段\2025临江仙\VID_20251226_232351.mp4,F:\260629_客户补充物料\影视作品及高光片段\2025临江仙\VID_20251226_232351_125AAFF877027625.mp4,
2026-06-30T15:19:48+08:00,yes,rename,4688CD682105632C,F:\260629_客户补充物料\影视作品及高光片段\2025白月梵星\BYFX_终极预告_纯净版_成片.mp4,F:\260629_客户补充物料\影视作品及高光片段\2025白月梵星\BYFX_终极预告_纯净版_成片_4688CD682105632C.mp4,
2026-06-30T15:19:48+08:00,yes,rename,A73F19FB13B83FEC,F:\260629_客户补充物料\十周年采访物料\十周年采访物料_video_【白鹿】210916 《明星玩家..._0.mp4,F:\260629_客户补充物料\十周年采访物料\十周年采访物料_video_【白鹿】210916 《明星玩家..._0_A73F19FB13B83FEC.mp4,
2026-06-30T15:19:48+08:00,yes,rename,AD0DEFC8ADFAC454,F:\260629_客户补充物料\获奖视频\白鹿获奖视频\爱奇艺2025年度观众瞩目演员\图\2024-12-07 021756.jpg,F:\260629_客户补充物料\获奖视频\白鹿获奖视频\爱奇艺2025年度观众瞩目演员\图\2024-12-07 021756_AD0DEFC8ADFAC454.jpg,
2026-06-30T15:19:48+08:00,yes,rename,0FCDC832DFC4D590,F:\260629_客户补充物料\十周年采访物料\十周年采访物料_video_正片___【白鹿】210722 ..._0.mp4,F:\260629_客户补充物料\十周年采访物料\十周年采访物料_video_正片___【白鹿】210722 ..._0_0FCDC832DFC4D590.mp4,
2026-06-30T15:19:48+08:00,yes,rename,1162A0F5660C6E11,F:\260629_客户补充物料\获奖视频\白鹿获奖视频\【白鹿】『尖叫女演员』2025尖叫之夜.mp4,F:\260629_客户补充物料\获奖视频\白鹿获奖视频\【白鹿】『尖叫女演员』2025尖叫之夜_1162A0F5660C6E11.mp4,
2026-06-30T15:19:48+08:00,yes,rename,018EA03F1799D162,F:\260629_客户补充物料\获奖视频\2025奖项\5.国际流媒体人气奖3.jpg,F:\260629_客户补充物料\获奖视频\2025奖项\5.国际流媒体人气奖3_018EA03F1799D162.jpg,
2026-06-30T15:19:48+08:00,yes,rename,38D8BC5D3CF565CB,F:\260629_客户补充物料\十周年采访物料\十周年采访物料_video_狐厂大拷问✖️@白鹿my  正片..._0.mp4,F:\260629_客户补充物料\十周年采访物料\十周年采访物料_video_狐厂大拷问✖️@白鹿my  正片..._0_38D8BC5D3CF565CB.mp4,
2026-06-30T15:19:48+08:00,yes,rename,34A4A8A166439F8A,F:\260629_客户补充物料\影视作品及高光片段\2026唐宫奇案\唐宫cut1-1灭门回忆.mov,F:\260629_客户补充物料\影视作品及高光片段\2026唐宫奇案\唐宫cut1-1灭门回忆_34A4A8A166439F8A.mov,
2026-06-30T15:19:48+08:00,yes,rename,97C92F0DB5E85E40,F:\260629_客户补充物料\十周年采访物料\十周年采访物料_video_22.10.28 DY视频两则_..._0.mp4,F:\260629_客户补充物料\十周年采访物料\十周年采访物料_video_22.10.28 DY视频两则_..._0_97C92F0DB5E85E40.mp4,
2026-06-30T15:19:48+08:00,yes,rename,84159E160278CCE1,F:\260629_客户补充物料\获奖视频\2025奖项\4. 亚洲影艺创意大奖.jpg,F:\260629_客户补充物料\获奖视频\2025奖项\4. 亚洲影艺创意大奖_84159E160278CCE1.jpg,
2026-06-30T15:19:48+08:00,yes,rename,9A3EDB0BAB368981,F:\260629_客户补充物料\十周年采访物料\十周年采访物料_video_【白鹿】190215 《招摇》壁..._0.mp4,F:\260629_客户补充物料\十周年采访物料\十周年采访物料_video_【白鹿】190215 《招摇》壁..._0_9A3EDB0BAB368981.mp4,
2026-06-30T15:19:48+08:00,yes,rename,727DB30BD095C083,F:\260629_客户补充物料\获奖视频\白鹿获奖视频\【白鹿】2025星光大赏「年度号召力艺人」.mp4,F:\260629_客户补充物料\获奖视频\白鹿获奖视频\【白鹿】2025星光大赏「年度号召力艺人」_727DB30BD095C083.mp4,
2026-06-30T15:19:48+08:00,yes,rename,4E4F33BCE59ACB44,F:\260629_客户补充物料\影视作品及高光片段\2025白月梵星\VID_20251226_215502.mp4,F:\260629_客户补充物料\影视作品及高光片段\2025白月梵星\VID_20251226_215502_4E4F33BCE59ACB44.mp4,
2026-06-30T15:19:48+08:00,yes,rename,0AF44864DE71DD18,F:\260629_客户补充物料\获奖视频\白鹿获奖视频\爱奇艺2025年度观众瞩目演员\图\2024-12-07 021100.jpg,F:\260629_客户补充物料\获奖视频\白鹿获奖视频\爱奇艺2025年度观众瞩目演员\图\2024-12-07 021100_0AF44864DE71DD18.jpg,
2026-06-30T15:19:48+08:00,yes,rename,1E29918E756302B0,F:\260629_客户补充物料\影视作品及高光片段\警察荣耀\VID_20251226_225510.mp4,F:\260629_客户补充物料\影视作品及高光片段\警察荣耀\VID_20251226_225510_1E29918E756302B0.mp4,
2026-06-30T15:19:48+08:00,yes,rename,CDEE300DAA5D7AF9,F:\260629_客户补充物料\影视作品及高光片段\2025白月梵星\VID_20251226_220958.mp4,F:\260629_客户补充物料\影视作品及高光片段\2025白月梵星\VID_20251226_220958_CDEE300DAA5D7AF9.mp4,
2026-06-30T15:19:48+08:00,yes,rename,380E86CC02AA0751,F:\260629_客户补充物料\影视作品及高光片段\2025白月梵星\父亲奠礼 这世上的妖仙不曾明白 哭戏.mov,F:\260629_客户补充物料\影视作品及高光片段\2025白月梵星\父亲奠礼 这世上的妖仙不曾明白 哭戏_380E86CC02AA0751.mov,
2026-06-30T15:19:48+08:00,yes,rename,59BBBE291EFA48BC,F:\260629_客户补充物料\影视作品及高光片段\周生如故\VID_20251227_001026.mp4,F:\260629_客户补充物料\影视作品及高光片段\周生如故\VID_20251227_001026_59BBBE291EFA48BC.mp4,
2026-06-30T15:19:48+08:00,yes,rename,2656165631E38300,F:\260629_客户补充物料\十周年采访物料\十周年采访物料_video_250305 《北上》爱奇艺采访_0.mp4,F:\260629_客户补充物料\十周年采访物料\十周年采访物料_video_250305 《北上》爱奇艺采访_0_2656165631E38300.mp4,
2026-06-30T15:19:48+08:00,yes,rename,5E95318215FD144C,F:\260629_客户补充物料\影视作品及高光片段\一生一世\VID_20251227_002414.mp4,F:\260629_客户补充物料\影视作品及高光片段\一生一世\VID_20251227_002414_5E95318215FD144C.mp4,
2026-06-30T15:19:48+08:00,yes,rename,9EC55D3FAAA1FD17,F:\260629_客户补充物料\影视作品及高光片段\2025临江仙\VID_20251226_233059.mp4,F:\260629_客户补充物料\影视作品及高光片段\2025临江仙\VID_20251226_233059_9EC55D3FAAA1FD17.mp4,
2026-06-30T15:19:48+08:00,yes,rename,8D8192454D32939C,F:\260629_客户补充物料\影视作品及高光片段\2025北上\VID_20251227_004812.mp4,F:\260629_客户补充物料\影视作品及高光片段\2025北上\VID_20251227_004812_8D8192454D32939C.mp4,
2026-06-30T15:19:48+08:00,yes,rename,A493BAA0F3EBF535,F:\260629_客户补充物料\十周年采访物料\十周年采访物料_video_【白鹿】230419 《长月烬明..._0.mp4,F:\260629_客户补充物料\十周年采访物料\十周年采访物料_video_【白鹿】230419 《长月烬明..._0_A493BAA0F3EBF535.mp4,
2026-06-30T15:19:48+08:00,yes,rename,66F705372B8B56C9,F:\260629_客户补充物料\十周年采访物料\十周年采访物料_video_【白鹿】241102 YouTu..._0.mp4,F:\260629_客户补充物料\十周年采访物料\十周年采访物料_video_【白鹿】241102 YouTu..._0_66F705372B8B56C9.mp4,
2026-06-30T15:19:48+08:00,yes,rename,8834FCCAD364D6BF,F:\260629_客户补充物料\获奖视频\白鹿获奖视频\1.13 2023年度微博之夜 年度瞩目演员\第一套 黑裙\2024-11-07 144015.jpg,F:\260629_客户补充物料\获奖视频\白鹿获奖视频\1.13 2023年度微博之夜 年度瞩目演员\第一套 黑裙\2024-11-07 144015_8834FCCAD364D6BF.jpg,
2026-06-30T15:19:48+08:00,yes,rename,1FC6D11BAF1737A6,F:\260629_客户补充物料\十周年采访物料\十周年采访物料_video_正片___【白鹿】210923 ..._0.mp4,F:\260629_客户补充物料\十周年采访物料\十周年采访物料_video_正片___【白鹿】210923 ..._0_1FC6D11BAF1737A6.mp4,
2026-06-30T15:19:48+08:00,yes,rename,D5F69B4CFE62244A,F:\260629_客户补充物料\影视作品及高光片段\宁安如梦\VID_20251226_234438.mp4,F:\260629_客户补充物料\影视作品及高光片段\宁安如梦\VID_20251226_234438_D5F69B4CFE62244A.mp4,
2026-06-30T15:19:48+08:00,yes,rename,2C97259AD04577C2,F:\260629_客户补充物料\十周年采访物料\十周年采访物料_video_【白鹿】211224 《百度百科..._0.mp4,F:\260629_客户补充物料\十周年采访物料\十周年采访物料_video_【白鹿】211224 《百度百科..._0_2C97259AD04577C2.mp4,
2026-06-30T15:19:48+08:00,yes,rename,A82DE48493384152,F:\260629_客户补充物料\十周年采访物料\十周年采访物料_video_【白鹿】210916 《M视频N..._0.mp4,F:\260629_客户补充物料\十周年采访物料\十周年采访物料_video_【白鹿】210916 《M视频N..._0_A82DE48493384152.mp4,
2026-06-30T15:19:48+08:00,yes,rename,1E9C4E3C013A8007,F:\260629_客户补充物料\影视作品及高光片段\长月烬明\VID_20251230_114756.mp4,F:\260629_客户补充物料\影视作品及高光片段\长月烬明\VID_20251230_114756_1E9C4E3C013A8007.mp4,
2026-06-30T15:19:48+08:00,yes,rename,CC34D70591B94937,F:\260629_客户补充物料\获奖视频\白鹿获奖视频\爱奇艺2025年度观众瞩目演员\图\2024-12-07 021757.jpg,F:\260629_客户补充物料\获奖视频\白鹿获奖视频\爱奇艺2025年度观众瞩目演员\图\2024-12-07 021757_CC34D70591B94937.jpg,
2026-06-30T15:19:48+08:00,yes,rename,11FEDF7A7A03D244,F:\260629_客户补充物料\十周年采访物料\十周年采访物料_video_【白鹿】210113猫眼大明星采..._0.mp4,F:\260629_客户补充物料\十周年采访物料\十周年采访物料_video_【白鹿】210113猫眼大明星采..._0_11FEDF7A7A03D244.mp4,
2026-06-30T15:19:48+08:00,yes,rename,2C97259AD04577C2,F:\260629_客户补充物料\十周年采访物料\十周年采访物料_video_【白鹿】211224 《百度百科..._0 (1).mp4,F:\260629_客户补充物料\十周年采访物料\十周年采访物料_video_【白鹿】211224 《百度百科..._0 (1)_2C97259AD04577C2.mp4,
2026-06-30T15:19:48+08:00,yes,rename,9BC0C356E78263D9,F:\260629_客户补充物料\获奖视频\白鹿获奖视频\爱奇艺2025年度观众瞩目演员\图\2024-12-07 021758.jpg,F:\260629_客户补充物料\获奖视频\白鹿获奖视频\爱奇艺2025年度观众瞩目演员\图\2024-12-07 021758_9BC0C356E78263D9.jpg,
2026-06-30T15:19:48+08:00,yes,rename,D00BEF9496C363F6,F:\260629_客户补充物料\十周年采访物料\十周年采访物料_video_【白鹿】180221 《凤囚凰》..._0.mp4,F:\260629_客户补充物料\十周年采访物料\十周年采访物料_video_【白鹿】180221 《凤囚凰》..._0_D00BEF9496C363F6.mp4,
2026-06-30T15:19:48+08:00,yes,rename,80A2C39A86ADF2BB,F:\260629_客户补充物料\获奖视频\白鹿获奖视频\爱奇艺2025年度观众瞩目演员\图\2024-12-11 150310.jpg,F:\260629_客户补充物料\获奖视频\白鹿获奖视频\爱奇艺2025年度观众瞩目演员\图\2024-12-11 150310_80A2C39A86ADF2BB.jpg,
2026-06-30T15:19:48+08:00,yes,rename,CD3467FDFA131AA0,F:\260629_客户补充物料\十周年采访物料\十周年采访物料_video_采访视频___【白鹿】19032..._0.mp4,F:\260629_客户补充物料\十周年采访物料\十周年采访物料_video_采访视频___【白鹿】19032..._0_CD3467FDFA131AA0.mp4,
2026-06-30T15:19:48+08:00,yes,rename,F6F7546146031FCF,F:\260629_客户补充物料\影视作品及高光片段\半是蜜糖半是伤\VID_20251226_222146.mp4,F:\260629_客户补充物料\影视作品及高光片段\半是蜜糖半是伤\VID_20251226_222146_F6F7546146031FCF.mp4,
2026-06-30T15:19:48+08:00,yes,rename,AD48B1E463C81565,F:\260629_客户补充物料\影视作品及高光片段\凤求凰\VID_20251226_224217.mp4,F:\260629_客户补充物料\影视作品及高光片段\凤求凰\VID_20251226_224217_AD48B1E463C81565.mp4,
2026-06-30T15:19:48+08:00,yes,rename,D25828B7CFFCCC52,F:\260629_客户补充物料\十周年采访物料\十周年采访物料_video_#长月烬明# 为了在开拍前做足功..._0.mp4,F:\260629_客户补充物料\十周年采访物料\十周年采访物料_video_#长月烬明# 为了在开拍前做足功..._0_D25828B7CFFCCC52.mp4,
2026-06-30T15:19:48+08:00,yes,rename,70DB7C96FF17B787,F:\260629_客户补充物料\获奖视频\白鹿获奖视频\爱奇艺2025年度观众瞩目演员\图\2024-12-07 021057.jpg,F:\260629_客户补充物料\获奖视频\白鹿获奖视频\爱奇艺2025年度观众瞩目演员\图\2024-12-07 021057_70DB7C96FF17B787.jpg,
2026-06-30T15:19:48+08:00,yes,rename,0E862C7D0521921A,F:\260629_客户补充物料\影视作品及高光片段\玉楼春\VID_20251227_224744.mp4,F:\260629_客户补充物料\影视作品及高光片段\玉楼春\VID_20251227_224744_0E862C7D0521921A.mp4,
2026-06-30T15:19:48+08:00,yes,rename,9BF70C53379AA854,F:\260629_客户补充物料\影视作品及高光片段\一生一世\VID_20251227_002532.mp4,F:\260629_客户补充物料\影视作品及高光片段\一生一世\VID_20251227_002532_9BF70C53379AA854.mp4,
2026-06-30T15:19:48+08:00,yes,rename,5CB492EEDF27C94C,F:\260629_客户补充物料\获奖视频\白鹿获奖视频\爱奇艺2025年度观众瞩目演员\图\2024-12-07 021756(2).jpg,F:\260629_客户补充物料\获奖视频\白鹿获奖视频\爱奇艺2025年度观众瞩目演员\图\2024-12-07 021756(2)_5CB492EEDF27C94C.jpg,
2026-06-30T15:19:48+08:00,yes,rename,042ED57BD2B11320,F:\260629_客户补充物料\影视作品及高光片段\2025临江仙\【名场面】23 村民来打阿月 阿月受伤 十安生病性命垂危 阿月却没有法力救他.mov,F:\260629_客户补充物料\影视作品及高光片段\2025临江仙\【名场面】23 村民来打阿月 阿月受伤 十安生病性命垂危 阿月却没有法力救他_042ED57BD2B11320.mov,
2026-06-30T15:19:48+08:00,yes,rename,D067690107F2DF7D,F:\260629_客户补充物料\获奖视频\白鹿获奖视频\爱奇艺2025年度观众瞩目演员\图\2024-12-07 021059(2).jpg,F:\260629_客户补充物料\获奖视频\白鹿获奖视频\爱奇艺2025年度观众瞩目演员\图\2024-12-07 021059(2)_D067690107F2DF7D.jpg,
2026-06-30T15:19:48+08:00,yes,rename,ABD39B2DB4DF9D5C,F:\260629_客户补充物料\十周年采访物料\十周年采访物料_video_狐厂大拷问✖️@白鹿my   互..._0.mp4,F:\260629_客户补充物料\十周年采访物料\十周年采访物料_video_狐厂大拷问✖️@白鹿my   互..._0_ABD39B2DB4DF9D5C.mp4,
2026-06-30T15:19:48+08:00,yes,rename,2D80C03D94A78B00,F:\260629_客户补充物料\影视作品及高光片段\以爱为营\VID_20251230_120247.mp4,F:\260629_客户补充物料\影视作品及高光片段\以爱为营\VID_20251230_120247_2D80C03D94A78B00.mp4,
2026-06-30T15:19:48+08:00,yes,rename,1A0AFA66DF60E657,F:\260629_客户补充物料\影视作品及高光片段\大王不容易\VID_20251227_220441.mp4,F:\260629_客户补充物料\影视作品及高光片段\大王不容易\VID_20251227_220441_1A0AFA66DF60E657.mp4,
2026-06-30T15:19:48+08:00,yes,rename,D799F115CCA9DD8B,F:\260629_客户补充物料\十周年采访物料\十周年采访物料_video_【白鹿】201113 君有戏言D..._0.mp4,F:\260629_客户补充物料\十周年采访物料\十周年采访物料_video_【白鹿】201113 君有戏言D..._0_D799F115CCA9DD8B.mp4,
2026-06-30T15:19:48+08:00,yes,rename,CFCC2296E9BB6F36,F:\260629_客户补充物料\影视作品及高光片段\大王不容易\VID_20251227_220604.mp4,F:\260629_客户补充物料\影视作品及高光片段\大王不容易\VID_20251227_220604_CFCC2296E9BB6F36.mp4,
2026-06-30T15:19:48+08:00,yes,rename,0F938D7EF616820C,F:\260629_客户补充物料\影视作品及高光片段\世界都欠我一个初恋\VID_20251227_231312.mp4,F:\260629_客户补充物料\影视作品及高光片段\世界都欠我一个初恋\VID_20251227_231312_0F938D7EF616820C.mp4,
2026-06-30T15:19:48+08:00,yes,rename,4CCCB4EDB9DCF690,F:\260629_客户补充物料\影视作品及高光片段\2025北上\VID_20251227_004628.mp4,F:\260629_客户补充物料\影视作品及高光片段\2025北上\VID_20251227_004628_4CCCB4EDB9DCF690.mp4,
2026-06-30T15:19:48+08:00,yes,rename,CD59EB9406893B1B,F:\260629_客户补充物料\获奖视频\2025奖项\3.2025微博视界大会奖项及发言.mov,F:\260629_客户补充物料\获奖视频\2025奖项\3.2025微博视界大会奖项及发言_CD59EB9406893B1B.mov,
2026-06-30T15:19:48+08:00,yes,rename,018A3B86FDE37084,F:\260629_客户补充物料\十周年采访物料\十周年采访物料_video_【白鹿】190127 《招摇》新..._0.mp4,F:\260629_客户补充物料\十周年采访物料\十周年采访物料_video_【白鹿】190127 《招摇》新..._0_018A3B86FDE37084.mp4,
2026-06-30T15:19:48+08:00,yes,rename,CE035D31C18A81EB,F:\260629_客户补充物料\获奖视频\白鹿获奖视频\1.13 2023年度微博之夜 年度瞩目演员\第一套 黑裙\2024-11-07 144017.heic,F:\260629_客户补充物料\获奖视频\白鹿获奖视频\1.13 2023年度微博之夜 年度瞩目演员\第一套 黑裙\2024-11-07 144017_CE035D31C18A81EB.heic,
2026-06-30T15:19:48+08:00,yes,rename,F70A23F0EB14B1F2,F:\260629_客户补充物料\获奖视频\2025奖项\6.国际流媒体最佳女主提名.heic,F:\260629_客户补充物料\获奖视频\2025奖项\6.国际流媒体最佳女主提名_F70A23F0EB14B1F2.heic,
2026-06-30T15:19:48+08:00,yes,rename,E809E5F39E667F0C,F:\260629_客户补充物料\影视作品及高光片段\半是蜜糖半是伤\VID_20251226_221943.mp4,F:\260629_客户补充物料\影视作品及高光片段\半是蜜糖半是伤\VID_20251226_221943_E809E5F39E667F0C.mp4,
2026-06-30T15:19:48+08:00,yes,rename,CCEED79080D2393B,F:\260629_客户补充物料\影视作品及高光片段\2025临江仙\临江仙_闻妖MVX_净版2.mov,F:\260629_客户补充物料\影视作品及高光片段\2025临江仙\临江仙_闻妖MVX_净版2_CCEED79080D2393B.mov,
2026-06-30T15:19:48+08:00,yes,rename,5734BE840A64221C,F:\260629_客户补充物料\影视作品及高光片段\2025北上\华子边哭边回忆与望和过往.mov,F:\260629_客户补充物料\影视作品及高光片段\2025北上\华子边哭边回忆与望和过往_5734BE840A64221C.mov,
2026-06-30T15:19:48+08:00,yes,rename,BCAFBF2E857A716C,F:\260629_客户补充物料\影视作品及高光片段\招摇\VID_20251227_002913.mp4,F:\260629_客户补充物料\影视作品及高光片段\招摇\VID_20251227_002913_BCAFBF2E857A716C.mp4,
2026-06-30T15:19:48+08:00,yes,rename,32EB37CEEF8CFB61,F:\260629_客户补充物料\获奖视频\白鹿获奖视频\1.13 2023年度微博之夜 年度瞩目演员\第二套白裙\2024-11-07 144235.heic,F:\260629_客户补充物料\获奖视频\白鹿获奖视频\1.13 2023年度微博之夜 年度瞩目演员\第二套白裙\2024-11-07 144235_32EB37CEEF8CFB61.heic,
2026-06-30T15:19:48+08:00,yes,rename,DE8F4BBEDFFEAF5B,F:\260629_客户补充物料\影视作品及高光片段\2025北上\VID_20251227_004150.mp4,F:\260629_客户补充物料\影视作品及高光片段\2025北上\VID_20251227_004150_DE8F4BBEDFFEAF5B.mp4,
2026-06-30T15:19:48+08:00,yes,rename,6D0E10E3462753C8,F:\260629_客户补充物料\影视作品及高光片段\长月烬明\VID_20251230_114143.mp4,F:\260629_客户补充物料\影视作品及高光片段\长月烬明\VID_20251230_114143_6D0E10E3462753C8.mp4,
2026-06-30T15:19:48+08:00,yes,rename,DB43BD81EE2C006D,F:\260629_客户补充物料\十周年采访物料\十周年采访物料_video_【#白鹿 我还有很长的路要走#】..._0.mp4,F:\260629_客户补充物料\十周年采访物料\十周年采访物料_video_【#白鹿 我还有很长的路要走#】..._0_DB43BD81EE2C006D.mp4,
2026-06-30T15:19:48+08:00,yes,rename,D26D5F07C021365E,F:\260629_客户补充物料\获奖视频\白鹿获奖视频\爱奇艺2025年度观众瞩目演员\图\2024-12-11 150324.heic,F:\260629_客户补充物料\获奖视频\白鹿获奖视频\爱奇艺2025年度观众瞩目演员\图\2024-12-11 150324_D26D5F07C021365E.heic,
2026-06-30T15:19:48+08:00,yes,rename,3BF54BA822444162,F:\260629_客户补充物料\获奖视频\白鹿获奖视频\爱奇艺2025年度观众瞩目演员\图\2024-12-07 021755.jpg,F:\260629_客户补充物料\获奖视频\白鹿获奖视频\爱奇艺2025年度观众瞩目演员\图\2024-12-07 021755_3BF54BA822444162.jpg,
2026-06-30T15:19:48+08:00,yes,rename,EC6B710E552DB74B,F:\260629_客户补充物料\获奖视频\白鹿获奖视频\【白鹿】微博视界大会 年度期待作品《北上》领奖全程20241105.mp4,F:\260629_客户补充物料\获奖视频\白鹿获奖视频\【白鹿】微博视界大会 年度期待作品《北上》领奖全程20241105_EC6B710E552DB74B.mp4,
2026-06-30T15:19:48+08:00,yes,rename,5C9D14D86F5191A6,F:\260629_客户补充物料\影视作品及高光片段\2026唐宫奇案\唐宫cut1-2鬼新娘.mov,F:\260629_客户补充物料\影视作品及高光片段\2026唐宫奇案\唐宫cut1-2鬼新娘_5C9D14D86F5191A6.mov,
2026-06-30T15:19:48+08:00,yes,rename,DEFF1328E0CAC476,F:\260629_客户补充物料\获奖视频\白鹿获奖视频\爱奇艺2025年度观众瞩目演员\图\2024-12-07 021058(1).jpg,F:\260629_客户补充物料\获奖视频\白鹿获奖视频\爱奇艺2025年度观众瞩目演员\图\2024-12-07 021058(1)_DEFF1328E0CAC476.jpg,
2026-06-30T15:19:48+08:00,yes,rename,7F61EFAE70247B1E,F:\260629_客户补充物料\获奖视频\白鹿获奖视频\爱奇艺2025年度观众瞩目演员\图\2024-12-07 021803.jpg,F:\260629_客户补充物料\获奖视频\白鹿获奖视频\爱奇艺2025年度观众瞩目演员\图\2024-12-07 021803_7F61EFAE70247B1E.jpg,
2026-06-30T15:19:48+08:00,yes,rename,2BEDB8185022489A,F:\260629_客户补充物料\影视作品及高光片段\2025北上\野草一样 好像要开花了 名台词原片段.mov,F:\260629_客户补充物料\影视作品及高光片段\2025北上\野草一样 好像要开花了 名台词原片段_2BEDB8185022489A.mov,
2026-06-30T15:19:48+08:00,yes,rename,B3C2BD30E0E3C76F,F:\260629_客户补充物料\十周年采访物料\十周年采访物料_video_【白鹿】180301 《凤囚凰》..._0.mp4,F:\260629_客户补充物料\十周年采访物料\十周年采访物料_video_【白鹿】180301 《凤囚凰》..._0_B3C2BD30E0E3C76F.mp4,
2026-06-30T15:19:48+08:00,yes,rename,F511A3122ECCAB6F,F:\260629_客户补充物料\影视作品及高光片段\2025白月梵星\送别父亲 求人不如求己.mov,F:\260629_客户补充物料\影视作品及高光片段\2025白月梵星\送别父亲 求人不如求己_F511A3122ECCAB6F.mov,
2026-06-30T15:19:48+08:00,yes,rename,50E47EF2B348429B,F:\260629_客户补充物料\获奖视频\白鹿获奖视频\爱奇艺2025年度观众瞩目演员\爱奇艺尖叫之夜获奖感言录屏.mov,F:\260629_客户补充物料\获奖视频\白鹿获奖视频\爱奇艺2025年度观众瞩目演员\爱奇艺尖叫之夜获奖感言录屏_50E47EF2B348429B.mov,
2026-06-30T15:19:48+08:00,yes,rename,E8FF059E93CB8F75,F:\260629_客户补充物料\获奖视频\白鹿获奖视频\1.13 2023年度微博之夜 年度瞩目演员\第二套白裙\2024-11-07 144223.heic,F:\260629_客户补充物料\获奖视频\白鹿获奖视频\1.13 2023年度微博之夜 年度瞩目演员\第二套白裙\2024-11-07 144223_E8FF059E93CB8F75.heic,
2026-06-30T15:19:48+08:00,yes,rename,575B1546465B7D2D,F:\260629_客户补充物料\获奖视频\白鹿获奖视频\柒个我_蓝光_蔡文静 李玉洁 白鹿获得“年度潜力电视剧女演员”荣誉（2017星光大赏荣耀盛典）.mp4,F:\260629_客户补充物料\获奖视频\白鹿获奖视频\柒个我_蓝光_蔡文静 李玉洁 白鹿获得“年度潜力电视剧女演员”荣誉（2017星光大赏荣耀盛典）_575B1546465B7D2D.mp4,
2026-06-30T15:19:48+08:00,yes,rename,C4DED67D017CBA1E,F:\260629_客户补充物料\十周年采访物料\十周年采访物料_video_【白鹿】190302 《招摇》骨..._0.mp4,F:\260629_客户补充物料\十周年采访物料\十周年采访物料_video_【白鹿】190302 《招摇》骨..._0_C4DED67D017CBA1E.mp4,
2026-06-30T15:19:48+08:00,yes,rename,440D58ABD17F7ED8,F:\260629_客户补充物料\获奖视频\白鹿获奖视频\1.13 2023年度微博之夜 年度瞩目演员\第二套白裙\2024-11-07 144229.heic,F:\260629_客户补充物料\获奖视频\白鹿获奖视频\1.13 2023年度微博之夜 年度瞩目演员\第二套白裙\2024-11-07 144229_440D58ABD17F7ED8.heic,
2026-06-30T15:19:48+08:00,yes,rename,C86EB516295E9D26,F:\260629_客户补充物料\获奖视频\白鹿获奖视频\1.13 2023年度微博之夜 年度瞩目演员\第一套 黑裙\2024-11-07 144033.heic,F:\260629_客户补充物料\获奖视频\白鹿获奖视频\1.13 2023年度微博之夜 年度瞩目演员\第一套 黑裙\2024-11-07 144033_C86EB516295E9D26.heic,
2026-06-30T15:19:48+08:00,yes,rename,51B560B293BD74F7,F:\260629_客户补充物料\获奖视频\白鹿获奖视频\爱奇艺2025年度观众瞩目演员\图\2024-12-11 150338.heic,F:\260629_客户补充物料\获奖视频\白鹿获奖视频\爱奇艺2025年度观众瞩目演员\图\2024-12-11 150338_51B560B293BD74F7.heic,
2026-06-30T15:19:48+08:00,yes,rename,F3AF1E61EC0453ED,F:\260629_客户补充物料\影视作品及高光片段\九流霸主\VID_20251227_221946.mp4,F:\260629_客户补充物料\影视作品及高光片段\九流霸主\VID_20251227_221946_F3AF1E61EC0453ED.mp4,
2026-06-30T15:19:48+08:00,yes,rename,4FB6A17D5F642EEF,F:\260629_客户补充物料\影视作品及高光片段\烈火军校\VID_20251226_231916.mp4,F:\260629_客户补充物料\影视作品及高光片段\烈火军校\VID_20251226_231916_4FB6A17D5F642EEF.mp4,
2026-06-30T15:19:48+08:00,yes,rename,F08E9B84BA5C8510,F:\260629_客户补充物料\获奖视频\白鹿获奖视频\爱奇艺2025年度观众瞩目演员\图\2024-12-07 021756(1).jpg,F:\260629_客户补充物料\获奖视频\白鹿获奖视频\爱奇艺2025年度观众瞩目演员\图\2024-12-07 021756(1)_F08E9B84BA5C8510.jpg,
2026-06-30T15:19:48+08:00,yes,rename,2656165631E38300,F:\260629_客户补充物料\十周年采访物料\十周年采访物料_video_250305 《北上》爱奇艺采访_0 (1).mp4,F:\260629_客户补充物料\十周年采访物料\十周年采访物料_video_250305 《北上》爱奇艺采访_0 (1)_2656165631E38300.mp4,
2026-06-30T15:19:48+08:00,yes,rename,923D74F8AD75B18A,F:\260629_客户补充物料\影视作品及高光片段\2025白月梵星\集念问道版预告（净版）.mov,F:\260629_客户补充物料\影视作品及高光片段\2025白月梵星\集念问道版预告（净版）_923D74F8AD75B18A.mov,
2026-06-30T15:19:48+08:00,yes,rename,D237AF620A439CB5,F:\260629_客户补充物料\影视作品及高光片段\一生一世\VID_20251227_001204.mp4,F:\260629_客户补充物料\影视作品及高光片段\一生一世\VID_20251227_001204_D237AF620A439CB5.mp4,
2026-06-30T15:19:48+08:00,yes,rename,FA27DC332186F12A,F:\260629_客户补充物料\获奖视频\白鹿获奖视频\1.13 2023年度微博之夜 年度瞩目演员\第一套 黑裙\2024-11-07 144023.heic,F:\260629_客户补充物料\获奖视频\白鹿获奖视频\1.13 2023年度微博之夜 年度瞩目演员\第一套 黑裙\2024-11-07 144023_FA27DC332186F12A.heic,
2026-06-30T15:19:48+08:00,yes,rename,FFC8C0857835A475,F:\260629_客户补充物料\获奖视频\白鹿获奖视频\20230113 微博之夜白鹿领奖cut.mp4,F:\260629_客户补充物料\获奖视频\白鹿获奖视频\20230113 微博之夜白鹿领奖cut_FFC8C0857835A475.mp4,
2026-06-30T15:19:48+08:00,yes,rename,D83FDD0F42BB7233,F:\260629_客户补充物料\十周年采访物料\十周年采访物料_video_正片___【白鹿】210922 ..._0.mp4,F:\260629_客户补充物料\十周年采访物料\十周年采访物料_video_正片___【白鹿】210922 ..._0_D83FDD0F42BB7233.mp4,
2026-06-30T15:19:48+08:00,yes,rename,FE5D6B624614F56C,F:\260629_客户补充物料\十周年采访物料\十周年采访物料_video_【白鹿】220930 《网易时尚..._0.mp4,F:\260629_客户补充物料\十周年采访物料\十周年采访物料_video_【白鹿】220930 《网易时尚..._0_FE5D6B624614F56C.mp4,
2026-06-30T15:19:48+08:00,yes,rename,6D107B309F701F43,F:\260629_客户补充物料\获奖视频\白鹿获奖视频\1.13 2023年度微博之夜 年度瞩目演员\第一套 黑裙\2024-11-07 144035.heic,F:\260629_客户补充物料\获奖视频\白鹿获奖视频\1.13 2023年度微博之夜 年度瞩目演员\第一套 黑裙\2024-11-07 144035_6D107B309F701F43.heic,
2026-06-30T15:19:48+08:00,yes,rename,3453D0387BF34477,F:\260629_客户补充物料\获奖视频\白鹿获奖视频\1.13 2023年度微博之夜 年度瞩目演员\现场图及鹿微博奖杯图\2024-11-07 144400.heic,F:\260629_客户补充物料\获奖视频\白鹿获奖视频\1.13 2023年度微博之夜 年度瞩目演员\现场图及鹿微博奖杯图\2024-11-07 144400_3453D0387BF34477.heic,
2026-06-30T15:19:48+08:00,yes,rename,97521BC9B8D03E18,F:\260629_客户补充物料\影视作品及高光片段\2026拍摄待播剧《莫离》\莫离先导片（刚开机一段时间）.mp4,F:\260629_客户补充物料\影视作品及高光片段\2026拍摄待播剧《莫离》\莫离先导片（刚开机一段时间）_97521BC9B8D03E18.mp4,
2026-06-30T15:19:48+08:00,yes,rename,B3B565B0A3737A6A,F:\260629_客户补充物料\获奖视频\白鹿获奖视频\爱奇艺2025年度观众瞩目演员\图\2024-12-07 020747.jpg,F:\260629_客户补充物料\获奖视频\白鹿获奖视频\爱奇艺2025年度观众瞩目演员\图\2024-12-07 020747_B3B565B0A3737A6A.jpg,
2026-06-30T15:19:48+08:00,yes,rename,5FF56E4E19DE82C3,F:\260629_客户补充物料\获奖视频\白鹿获奖视频\爱奇艺2025年度观众瞩目演员\图\2024-12-07 021100(1).jpg,F:\260629_客户补充物料\获奖视频\白鹿获奖视频\爱奇艺2025年度观众瞩目演员\图\2024-12-07 021100(1)_5FF56E4E19DE82C3.jpg,
2026-06-30T15:19:48+08:00,yes,rename,B364F2DA14EC7195,F:\260629_客户补充物料\十周年采访物料\十周年采访物料_video_22.11.03 DY视频一则_..._0.mp4,F:\260629_客户补充物料\十周年采访物料\十周年采访物料_video_22.11.03 DY视频一则_..._0_B364F2DA14EC7195.mp4,
2026-06-30T15:19:48+08:00,yes,rename,DB3AF72A946A17B5,F:\260629_客户补充物料\影视作品及高光片段\警察荣耀\VID_20251226_224704.mp4,F:\260629_客户补充物料\影视作品及高光片段\警察荣耀\VID_20251226_224704_DB3AF72A946A17B5.mp4,
2026-06-30T15:19:48+08:00,yes,rename,F599EB40829FBAD4,F:\260629_客户补充物料\获奖视频\白鹿获奖视频\1.13 2023年度微博之夜 年度瞩目演员\第一套 黑裙\2024-11-07 144040.jpg,F:\260629_客户补充物料\获奖视频\白鹿获奖视频\1.13 2023年度微博之夜 年度瞩目演员\第一套 黑裙\2024-11-07 144040_F599EB40829FBAD4.jpg,
2026-06-30T15:19:48+08:00,yes,rename,F9C8F64E56D2AE57,F:\260629_客户补充物料\影视作品及高光片段\2025临江仙\23 阿月抱着十安去庙里救白九思 但是白没出现 十安还是死了.mov,F:\260629_客户补充物料\影视作品及高光片段\2025临江仙\23 阿月抱着十安去庙里救白九思 但是白没出现 十安还是死了_F9C8F64E56D2AE57.mov,
2026-06-30T15:19:48+08:00,yes,rename,343790B75C23791C,F:\260629_客户补充物料\获奖视频\2025奖项\1.星光大赏颁奖.mov,F:\260629_客户补充物料\获奖视频\2025奖项\1.星光大赏颁奖_343790B75C23791C.mov,
2026-06-30T15:19:48+08:00,yes,rename,CB8AD05CE9C0A180,F:\260629_客户补充物料\获奖视频\白鹿获奖视频\白鹿尖叫之夜.mp4,F:\260629_客户补充物料\获奖视频\白鹿获奖视频\白鹿尖叫之夜_CB8AD05CE9C0A180.mp4,
2026-06-30T15:19:48+08:00,yes,rename,7724D57A7D344439,F:\260629_客户补充物料\获奖视频\白鹿获奖视频\颁奖cut.mp4,F:\260629_客户补充物料\获奖视频\白鹿获奖视频\颁奖cut_7724D57A7D344439.mp4,
2026-06-30T15:19:48+08:00,yes,rename,1F1FFBABF69C1EEA,F:\260629_客户补充物料\获奖视频\白鹿获奖视频\爱奇艺2025年度观众瞩目演员\图\2024-12-07 021100(2).jpg,F:\260629_客户补充物料\获奖视频\白鹿获奖视频\爱奇艺2025年度观众瞩目演员\图\2024-12-07 021100(2)_1F1FFBABF69C1EEA.jpg,
2026-06-30T15:19:48+08:00,yes,rename,B47C37CAFF00F886,F:\260629_客户补充物料\获奖视频\白鹿获奖视频\1.13 2023年度微博之夜 年度瞩目演员\第一套 黑裙\2024-11-07 144038.jpg,F:\260629_客户补充物料\获奖视频\白鹿获奖视频\1.13 2023年度微博之夜 年度瞩目演员\第一套 黑裙\2024-11-07 144038_B47C37CAFF00F886.jpg,
2026-06-30T15:19:48+08:00,yes,rename,9093CCFC2C0456AB,F:\260629_客户补充物料\十周年采访物料\十周年采访物料_video_#白鹿爱奇艺国际版首位全球代言人..._0.mp4,F:\260629_客户补充物料\十周年采访物料\十周年采访物料_video_#白鹿爱奇艺国际版首位全球代言人..._0_9093CCFC2C0456AB.mp4,
2026-06-30T15:19:48+08:00,yes,rename,E9E0DAE2E7E67C0D,F:\260629_客户补充物料\获奖视频\白鹿获奖视频\11.5 《北上》微博视界大会年度期待作品\2024-12-13 004828.heic,F:\260629_客户补充物料\获奖视频\白鹿获奖视频\11.5 《北上》微博视界大会年度期待作品\2024-12-13 004828_E9E0DAE2E7E67C0D.heic,
2026-06-30T15:19:48+08:00,yes,rename,7AA39F84B4DC1063,F:\260629_客户补充物料\获奖视频\白鹿获奖视频\爱奇艺2025年度观众瞩目演员\图\2024-12-11 150334.heic,F:\260629_客户补充物料\获奖视频\白鹿获奖视频\爱奇艺2025年度观众瞩目演员\图\2024-12-11 150334_7AA39F84B4DC1063.heic,
2026-06-30T15:19:48+08:00,yes,rename,C3484712E8BF4A6B,F:\260629_客户补充物料\十周年采访物料\十周年采访物料_video_#白鹿说一直没有自己的生活##白..._0.mp4,F:\260629_客户补充物料\十周年采访物料\十周年采访物料_video_#白鹿说一直没有自己的生活##白..._0_C3484712E8BF4A6B.mp4,
2026-06-30T15:19:48+08:00,yes,rename,E48D1C5548430A44,F:\260629_客户补充物料\获奖视频\白鹿获奖视频\1.13 2023年度微博之夜 年度瞩目演员\第二套白裙\2024-11-07 144213.heic,F:\260629_客户补充物料\获奖视频\白鹿获奖视频\1.13 2023年度微博之夜 年度瞩目演员\第二套白裙\2024-11-07 144213_E48D1C5548430A44.heic,
2026-06-30T15:19:48+08:00,yes,rename,8C68744917FBA186,F:\260629_客户补充物料\影视作品及高光片段\2025白月梵星\白切黑眼神&认姐姐.mov,F:\260629_客户补充物料\影视作品及高光片段\2025白月梵星\白切黑眼神&认姐姐_8C68744917FBA186.mov,
2026-06-30T15:19:48+08:00,yes,rename,A2198D20B5496F0E,F:\260629_客户补充物料\影视作品及高光片段\2025北上\华子受挫失落.mov,F:\260629_客户补充物料\影视作品及高光片段\2025北上\华子受挫失落_A2198D20B5496F0E.mov,
2026-06-30T15:19:48+08:00,yes,rename,5EF7E4567355C7B0,F:\260629_客户补充物料\影视作品及高光片段\2025临江仙\临江仙-0415出片-净版.mp4,F:\260629_客户补充物料\影视作品及高光片段\2025临江仙\临江仙-0415出片-净版_5EF7E4567355C7B0.mp4,
2026-06-30T15:19:48+08:00,yes,rename,10C45CFFF2672CE9,F:\260629_客户补充物料\影视作品及高光片段\烈火军校\VID_20251226_230604.mp4,F:\260629_客户补充物料\影视作品及高光片段\烈火军校\VID_20251226_230604_10C45CFFF2672CE9.mp4,
2026-06-30T15:19:48+08:00,yes,rename,9A32A7CB3B4F0E2D,F:\260629_客户补充物料\十周年采访物料\十周年采访物料_video_#白鹿说以后不太想接偶像剧##六..._0 (1).mp4,F:\260629_客户补充物料\十周年采访物料\十周年采访物料_video_#白鹿说以后不太想接偶像剧##六..._0 (1)_9A32A7CB3B4F0E2D.mp4,
2026-06-30T15:19:48+08:00,yes,rename,4E5D9C89BFF6886B,F:\260629_客户补充物料\十周年采访物料\十周年采访物料_video_【白鹿】220614 《警察荣誉..._0.mp4,F:\260629_客户补充物料\十周年采访物料\十周年采访物料_video_【白鹿】220614 《警察荣誉..._0_4E5D9C89BFF6886B.mp4,
2026-06-30T15:19:48+08:00,yes,rename,038C0F9DEE822864,F:\260629_客户补充物料\获奖视频\白鹿获奖视频\爱奇艺2025年度观众瞩目演员\图\2024-12-07 021059.jpg,F:\260629_客户补充物料\获奖视频\白鹿获奖视频\爱奇艺2025年度观众瞩目演员\图\2024-12-07 021059_038C0F9DEE822864.jpg,
